INSERT INTO REF_PAYMENT_TX_TYPE VALUES (1, '充值', 0);
INSERT INTO REF_PAYMENT_TX_TYPE VALUES (2, '兑现', 0);

INSERT INTO REF_PAYMENT_TYPE VALUES (1, '信用卡', 0);
INSERT INTO REF_PAYMENT_TYPE VALUES (2, '支付宝', 0);

INSERT INTO REF_SEX VALUES (1, '', 0);
INSERT INTO REF_SEX VALUES (2, '男', 0);
INSERT INTO REF_SEX VALUES (3, '女', 0);

INSERT INTO COMPANY (ID, NAME, VERSION) VALUES (1, '青鸟', 0);

INSERT INTO LOCATION ( ID, ADDRESS, CITY, CONTACT_NAME, CREATE_DATE, GPS_INFO, NAME, PHONE, REJECTION_REASON, STATUS, VERSION, CUSTOMER ) VALUES ( 1, '某某健身馆地址', '北京', '张某某', '2012-03-07 00:00:00', '', '某某健身馆', '01000000', '', 0, 0, NULL );

INSERT INTO CARD ( ID, CREATE_DATE, DESCRIPTION, END_DATE, MAX_USAGE, NAME, START_DATE, VERSION, COMPANY, LOCATION ) VALUES ( 1, NULL, '青鸟三周免费健身卡的介绍，青鸟三周免费健身卡的介绍，青鸟三周免费健身卡的介绍，青鸟三周免费健身卡的介绍，青鸟三周免费健身卡的介绍。', NULL, 1, '青鸟三周免费健身卡', '2012-03-07 00:00:00', 0, 1, 1 );
INSERT INTO CARD ( ID, CREATE_DATE, DESCRIPTION, END_DATE, MAX_USAGE, NAME, START_DATE, VERSION, COMPANY, LOCATION ) VALUES ( 2, NULL, '未来一种新的健身卡的介绍', NULL, 1, '未来一种新的健身卡', '2012-03-07 00:00:00', 0, 1, null );

INSERT INTO PRODUCT_COMMIT (ID, COMMITS, IS_ACTIVE, VERSION) VALUES (1, 1, true, 0);
INSERT INTO PRODUCT_COMMIT (ID, COMMITS, IS_ACTIVE, VERSION) VALUES (2, 2, true, 0);
INSERT INTO PRODUCT_COMMIT (ID, COMMITS, IS_ACTIVE, VERSION) VALUES (3, 3, true, 0);
INSERT INTO PRODUCT_COMMIT (ID, COMMITS, IS_ACTIVE, VERSION) VALUES (4, 4, true, 0);
INSERT INTO PRODUCT_COMMIT (ID, COMMITS, IS_ACTIVE, VERSION) VALUES (5, 5, true, 0);
INSERT INTO PRODUCT_COMMIT (ID, COMMITS, IS_ACTIVE, VERSION) VALUES (6, 6, true, 0);
INSERT INTO PRODUCT_COMMIT (ID, COMMITS, IS_ACTIVE, VERSION) VALUES (7, 7, true, 0);

INSERT INTO PRODUCT_STAKE (ID, IS_ACTIVE, STAKES, VERSION) VALUES (1, true, 5, 0);
INSERT INTO PRODUCT_STAKE (ID, IS_ACTIVE, STAKES, VERSION) VALUES (2, true, 10, 0);
INSERT INTO PRODUCT_STAKE (ID, IS_ACTIVE, STAKES, VERSION) VALUES (3, true, 20, 0);
INSERT INTO PRODUCT_STAKE (ID, IS_ACTIVE, STAKES, VERSION) VALUES (4, true, 30, 0);
INSERT INTO PRODUCT_STAKE (ID, IS_ACTIVE, STAKES, VERSION) VALUES (5, true, 40, 0);
INSERT INTO PRODUCT_STAKE (ID, IS_ACTIVE, STAKES, VERSION) VALUES (6, true, 50, 0);

INSERT INTO CUSTOMER ( ID, ADDRESS, BIO, BIRTHDAY, CITY, CUSTOMER_ROLE, DISABLE_END_DATE, DISABLE_REASON, DISABLE_START_DATE, EMAIL, NAME, PASSWORD, PHONE, REGISTRATION_DATE, STATUS, USERNAME, VERSION, SEX ) VALUES ( 1, '张三地址', '', NULL, '北京', 0, NULL, '', NULL, 'zq72@yahoo.com', '张三', '0000', '010100000', '2012-03-07 00:00:00', 0, 'a1', 0, 2 );
INSERT INTO CUSTOMER ( ID, ADDRESS, BIO, BIRTHDAY, CITY, CUSTOMER_ROLE, DISABLE_END_DATE, DISABLE_REASON, DISABLE_START_DATE, EMAIL, NAME, PASSWORD, PHONE, REGISTRATION_DATE, STATUS, USERNAME, VERSION, SEX ) VALUES ( 2, 'a2 address', '', NULL, '北京', 0, NULL, '', NULL, 'a2@a.com', 'a2 x', '0000', '010100000', '2012-03-07 00:00:00', 0, 'a2', 0, 2 );
INSERT INTO CUSTOMER ( ID, ADDRESS, BIO, BIRTHDAY, CITY, CUSTOMER_ROLE, DISABLE_END_DATE, DISABLE_REASON, DISABLE_START_DATE, EMAIL, NAME, PASSWORD, PHONE, REGISTRATION_DATE, STATUS, USERNAME, VERSION, SEX ) VALUES ( 3, 'a3 address', '', NULL, '北京', 0, NULL, '', NULL, 'a3@a.com', 'a3 x', '0000', '010100000', '2012-03-07 00:00:00', 0, 'a3', 0, 3 );

INSERT INTO CUSTOMER_PRODUCT ( ID , END_DATE , START_DATE , VERSION , CUSTOMER , PRODUCT_COMMIT , PRODUCT_STAKE ) VALUES ( 1 , NULL , '2012-03-07 00:00:00' , 0 , 1 , 3 , 1 );
INSERT INTO CUSTOMER_PRODUCT ( ID , END_DATE , START_DATE , VERSION , CUSTOMER , PRODUCT_COMMIT , PRODUCT_STAKE ) VALUES ( 2 , NULL , '2012-03-07 00:00:00' , 0 , 2 , 3 , 1 );
INSERT INTO CUSTOMER_PRODUCT ( ID , END_DATE , START_DATE , VERSION , CUSTOMER , PRODUCT_COMMIT , PRODUCT_STAKE ) VALUES ( 3 , NULL , '2012-03-07 00:00:00' , 0 , 3 , 3 , 1 );

INSERT INTO CUSTOMER_CARD (ID, USED_DATE, VERSION, CARD, CUSTOMER, ISSUED_DATE, STATUS) VALUES (1, '2012-03-07 00:00:00', 0, 1, 1, '2012-03-07 00:00:00', '未使用');
INSERT INTO CUSTOMER_CARD (ID, USED_DATE, VERSION, CARD, CUSTOMER, ISSUED_DATE, STATUS) VALUES (2, null, 0, 1, 2, '2012-03-07 00:00:00', '未使用');
INSERT INTO CUSTOMER_CARD (ID, USED_DATE, VERSION, CARD, CUSTOMER, ISSUED_DATE, STATUS) VALUES (3, null, 0, 1, 3, '2012-03-07 00:00:00', '未使用');

INSERT INTO CUSTOMER_CHECKIN ( ID, END_DATE, END_TYPE, IS_APPROVED, START_DATE, VERSION, CUSTOMER, LOCATION ) VALUES ( 1, '2012-03-07 00:00:00', 0, false, '2012-03-07 00:00:00', 0, 1, 1 );
INSERT INTO CUSTOMER_CHECKIN ( ID, END_DATE, END_TYPE, IS_APPROVED, START_DATE, VERSION, CUSTOMER, LOCATION ) VALUES ( 2, '2012-03-07 00:00:00', 1, true,  '2012-03-07 01:00:00', 0, 1, 1 );
INSERT INTO CUSTOMER_CHECKIN ( ID, END_DATE, END_TYPE, IS_APPROVED, START_DATE, VERSION, CUSTOMER, LOCATION ) VALUES ( 11, '2012-03-07 02:00:00', 1, true,  '2012-03-07 01:00:00', 0, 1, 1 );
INSERT INTO CUSTOMER_CHECKIN ( ID, END_DATE, END_TYPE, IS_APPROVED, START_DATE, VERSION, CUSTOMER, LOCATION ) VALUES ( 12, '2012-03-07 02:00:00', 1, true,  '2012-03-07 01:00:00', 0, 1, 1 );
INSERT INTO CUSTOMER_CHECKIN ( ID, END_DATE, END_TYPE, IS_APPROVED, START_DATE, VERSION, CUSTOMER, LOCATION ) VALUES ( 13, '2012-03-07 02:00:00', 1, true,  '2012-03-07 01:00:00', 0, 1, 1 );
INSERT INTO CUSTOMER_CHECKIN ( ID, END_DATE, END_TYPE, IS_APPROVED, START_DATE, VERSION, CUSTOMER, LOCATION ) VALUES ( 14, '2012-03-07 02:00:00', 1, true,  '2012-03-07 01:00:00', 0, 1, 1 );
INSERT INTO CUSTOMER_CHECKIN ( ID, END_DATE, END_TYPE, IS_APPROVED, START_DATE, VERSION, CUSTOMER, LOCATION ) VALUES ( 15, '2012-03-07 02:00:00', 1, true,  '2012-03-07 01:00:00', 0, 1, 1 );
INSERT INTO CUSTOMER_CHECKIN ( ID, END_DATE, END_TYPE, IS_APPROVED, START_DATE, VERSION, CUSTOMER, LOCATION ) VALUES ( 16, '2012-03-07 02:00:00', 1, true,  '2012-03-07 01:00:00', 0, 1, 1 );
INSERT INTO CUSTOMER_CHECKIN ( ID, END_DATE, END_TYPE, IS_APPROVED, START_DATE, VERSION, CUSTOMER, LOCATION ) VALUES ( 17, '2012-03-07 02:00:00', 1, true,  '2012-03-07 01:00:00', 0, 1, 1 );
INSERT INTO CUSTOMER_CHECKIN ( ID, END_DATE, END_TYPE, IS_APPROVED, START_DATE, VERSION, CUSTOMER, LOCATION ) VALUES ( 18, '2012-03-07 02:00:00', 1, true,  '2012-03-07 01:00:00', 0, 1, 1 );
INSERT INTO CUSTOMER_CHECKIN ( ID, END_DATE, END_TYPE, IS_APPROVED, START_DATE, VERSION, CUSTOMER, LOCATION ) VALUES ( 3, '2012-03-17 00:00:00', 0, false, '2012-03-17 00:00:00', 0, 1, 1 );
INSERT INTO CUSTOMER_CHECKIN ( ID, END_DATE, END_TYPE, IS_APPROVED, START_DATE, VERSION, CUSTOMER, LOCATION ) VALUES ( 4, '2012-03-27 00:00:00', 1, false, '2012-03-27 01:00:00', 0, 1, 1 );
INSERT INTO CUSTOMER_CHECKIN ( ID, END_DATE, END_TYPE, IS_APPROVED, START_DATE, VERSION, CUSTOMER, LOCATION ) VALUES ( 5, '2012-03-07 00:00:00', 0, false, '2012-03-07 00:00:00', 0, 2, 1 );
INSERT INTO CUSTOMER_CHECKIN ( ID, END_DATE, END_TYPE, IS_APPROVED, START_DATE, VERSION, CUSTOMER, LOCATION ) VALUES ( 6, '2012-03-07 00:00:00', 1, true,  '2012-03-07 01:00:00', 0, 2, 1 );
INSERT INTO CUSTOMER_CHECKIN ( ID, END_DATE, END_TYPE, IS_APPROVED, START_DATE, VERSION, CUSTOMER, LOCATION ) VALUES ( 7, '2012-03-17 00:00:00', 0, false, '2012-03-17 00:00:00', 0, 2, 1 );
INSERT INTO CUSTOMER_CHECKIN ( ID, END_DATE, END_TYPE, IS_APPROVED, START_DATE, VERSION, CUSTOMER, LOCATION ) VALUES ( 8, '2012-03-27 00:00:00', 1, false, '2012-03-27 01:00:00', 0, 2, 1 );

INSERT INTO CUSTOMER_PAYMENT ( ID, ACCOUNT_ID, END_DATE, START_DATE, VERSION, CUSTOMER, PAYMENT_TYPE ) VALUES ( 1, '124564545465', '2013-03-07 00:00:00', '2012-03-07 00:00:00', 0, 1, 1 );

INSERT INTO CUSTOMER_PROFIT ( ID, AMOUNT, END_DATE, START_DATE, VERSION, CUSTOMER ) VALUES ( 1, 10, '2012-03-11 00:00:00', '2012-03-04 00:00:00', 0, 1 );
INSERT INTO CUSTOMER_PROFIT ( ID, AMOUNT, END_DATE, START_DATE, VERSION, CUSTOMER ) VALUES ( 2, 10, '2012-03-18 00:00:00', '2012-03-11 00:00:00', 0, 1 );
INSERT INTO CUSTOMER_PROFIT ( ID, AMOUNT, END_DATE, START_DATE, VERSION, CUSTOMER ) VALUES ( 3, 10, '2012-03-25 00:00:00', '2012-03-18 00:00:00', 0, 1 );
INSERT INTO CUSTOMER_PROFIT ( ID, AMOUNT, END_DATE, START_DATE, VERSION, CUSTOMER ) VALUES ( 4, 10, '2012-04-02 00:00:00', '2012-03-25 00:00:00', 0, 1 );
INSERT INTO CUSTOMER_PROFIT ( ID, AMOUNT, END_DATE, START_DATE, VERSION, CUSTOMER ) VALUES ( 5, 0, '2012-03-11 00:00:00', '2012-03-04 00:00:00', 0, 1 );
INSERT INTO CUSTOMER_PROFIT ( ID, AMOUNT, END_DATE, START_DATE, VERSION, CUSTOMER ) VALUES ( 6, 0, '2012-03-18 00:00:00', '2012-03-11 00:00:00', 0, 1 );
INSERT INTO CUSTOMER_PROFIT ( ID, AMOUNT, END_DATE, START_DATE, VERSION, CUSTOMER ) VALUES ( 7, 0, '2012-03-25 00:00:00', '2012-03-18 00:00:00', 0, 1 );
INSERT INTO CUSTOMER_PROFIT ( ID, AMOUNT, END_DATE, START_DATE, VERSION, CUSTOMER ) VALUES ( 8, 5, '2012-04-01 00:00:00', '2012-03-25 00:00:00', 0, 1 );
INSERT INTO CUSTOMER_PROFIT ( ID, AMOUNT, END_DATE, START_DATE, VERSION, CUSTOMER ) VALUES ( 9, 15, '2012-03-25 00:00:00', '2012-03-18 00:00:00', 0, 3 );
INSERT INTO CUSTOMER_PROFIT ( ID, AMOUNT, END_DATE, START_DATE, VERSION, CUSTOMER ) VALUES ( 10, -10, '2012-04-01 00:00:00', '2012-03-25 00:00:00', 0, 2 );


INSERT INTO CUSTOMER_TRANSACTION ( ID, AMOUNT, TRANSACTION_DATE, TRANSACTION_ERROR, VERSION, CUSTOMER, CUSTOMER_PAYMENT, TRANSACTION_TYPE ) VALUES ( 1, 10, '2012-03-07 00:00:00', '', 0, 1, 1, 1 );

-- INSERT INTO CONFIGURATIONS values(1,'mail_from', 'wheel4_team@126.com', 'MAIL');
-- INSERT INTO CONFIGURATIONS values(2,'mail_smtp_port', '25', 'MAIL');
-- INSERT INTO CONFIGURATIONS values(3,'mail_smtp_host', 'smtp.126.com', 'MAIL');
-- INSERT INTO CONFIGURATIONS values(4,'mail_smtp_userName', 'wheel4_team', 'MAIL');
-- INSERT INTO CONFIGURATIONS values(5,'mail_smtp_password', 'wheel4', 'MAIL');
-- INSERT INTO CONFIGURATIONS values(6,'mail_smtp_auth', 'true', 'MAIL');
-- INSERT INTO CONFIGURATIONS values(7,'web_host', 'http://124.237.77.248:8080/wheel4', 'WEB_HOST');
-- INSERT INTO CONFIGURATIONS values(8,'mail_content_file_path', '/WEB-INF/classes/emails', 'MAIL');
-- INSERT INTO CONFIGURATIONS values(9,'mail_content_file', 'emailContent.vm', 'MAIL');


